[
  {
    "question": "What is the capital of France?",
    "options": [
      "Berlin",
      "Madrid",
      "Paris",
      "Rome"
    ],
    "answer": "Paris"
  },
  {
    "question": "Which planet is known as the Red Planet?",
    "options": [
      "Earth",
      "Mars",
      "Venus",
      "Jupiter"
    ],
    "answer": "Mars"
  },
  {
    "question": "Who wrote 'Hamlet'?",
    "options": [
      "Shakespeare",
      "Tolstoy",
      "Hemingway",
      "Dickens"
    ],
    "answer": "Shakespeare"
  },
  {
    "question": "Which is the largest ocean on Earth?",
    "options": [
      "Atlantic",
      "Pacific",
      "Indian",
      "Arctic"
    ],
    "answer": "Pacific"
  },
  {
    "question": "What is the chemical symbol for gold?",
    "options": [
      "Ag",
      "Au",
      "Gd",
      "Go"
    ],
    "answer": "Au"
  },
  {
    "question": "In which year did World War II end?",
    "options": [
      "1942",
      "1945",
      "1948",
      "1950"
    ],
    "answer": "1945"
  },
  {
    "question": "Which gas do plants absorb from the atmosphere?",
    "options": [
      "Oxygen",
      "Nitrogen",
      "Carbon Dioxide",
      "Hydrogen"
    ],
    "answer": "Carbon Dioxide"
  },
  {
    "question": "What is the smallest prime number?",
    "options": [
      "0",
      "1",
      "2",
      "3"
    ],
    "answer": "2"
  },
  {
    "question": "Who painted the Mona Lisa?",
    "options": [
      "Van Gogh",
      "Picasso",
      "Da Vinci",
      "Rembrandt"
    ],
    "answer": "Da Vinci"
  },
  {
    "question": "Which continent is known as the Dark Continent?",
    "options": [
      "Asia",
      "Africa",
      "Europe",
      "Australia"
    ],
    "answer": "Africa"
  }
]